,,,,,,Xavf  ko`rsatkichlari ,,,,
nazorat royxati,,kod,,Yulduz,,Boylama ,,Asosiy ,,yon
Yerdan foydalanalish  chap ,,,,,,,,,,
"Bo`sh yer,ochiq maydon ",,1,,4.6,,1.7,,1.9,,1.4
Aholi punkiti (turar joy ),,2,,4.6,,1.7,,1.9,,1.4
Tijorat /savdo,,3,,4.6,,1.7,,1.9,,1.4
Sanoat korxonasi,,4,,4.6,,1.7,,1.9,,1.4
Qishloq xo`jaligi ,,5,,4.6,,1.7,,1.9,,1.4
Maktab/ talim hududi,,6,,4.6,,1.7,,1.9,,1.4
Yerdan foydalanalish  o`ng ,,,,,,,,,,
"Bo`sh yer,ochiq maydon ",,1,,4.6,,1.7,,1.9,,1.4
Aholi punkiti (turar joy ),,2,,4.6,,1.7,,1.9,,1.4
Tijorat /savdo,,3,,4.6,,1.7,,1.9,,1.4
Sanoat korxonasi,,4,,4.6,,1.7,,1.9,,1.4
Qishloq xo`jaligi ,,5,,4.6,,1.7,,1.9,,1.4
Maktab/ talim hududi,,6,,4.6,,1.7,,1.9,,1.4
Maydon turi,,,,,,,,,,
Qishloq /ochiq hudud,,1,,4.6,,1.7,,1.9,,1.4
Shahar hudud,,2,,4.6,,1.7,,1.9,,1.4
Avtomobil toxtash joyi,,,,,,,,,,
toxtash joyi yoq ,,1,,4.6,,1.7,,1.9,,1.4
bir tomonlama bor,,2,,4.5,,1.7,,2.3,,1.7
ikki tomonlama bor ,,3,,4.4,,1.7,,2.6,,1.8
Ko`rish masofasi,,,,,,,,,,
yetarli ko`rish masofasi,,1,,4.6,,1.7,,1.9,,1.4
yetarli emas/cheklangan,,2,,4.2,,2.5,,2.7,,2
Yo`l qatorlar soni,,,,,,,,,,
1&1,,1,,4.6,,1.7,,1.9,,1.4
2&1,,2,,4.3,,2.4,,2.9,,1.4
2&2,,3,,4.1,,2.4,,3.9,,1.4
3&2,,4,,3.9,,3.1,,4.9,,1.4
3&3,,5,,5.3,,0.2,,0.3,,1.4
4&4,,6,,5.2,,0.2,,0.5,,1.4
Qator kengligi,,,,,,,,,,
Keng qator,,1,,4.6,,1.7,,1.9,,1.4
O`rta qator,,2,,4.6,,1.7,,1.8,,1.4
tor qator,,3,,4.6,,1.7,,1.7,,1.4
Shovqinli ogohlantiruvchi chiziq,,,,,,,,,,
mavjud  ,,1,,4.7,,1.4,,1.9,,1.4
mavjud emas,,2,,4.6,,1.7,,1.9,,1.7
Yo`l qoplamasini holati,,,,,,,,,,
yaxshi ,,1,,4.6,,1.7,,1.9,,1.4
o`rtacha ,,2,,4.5,,2.1,,1.9,,1.4
yomon ,,3,,4.5,,2.4,,1.9,,1.4
yo`l tishlashish sifati ,,,,,,,,,,
yaxshi ,,1,,4.6,,1.7,,1.9,,1.4
o`rtacha ,,2,,4.2,,2.4,,2.7,,1.9
yomon ,,3,,3.9,,3.5,,3.9,,2.8
yo`l qiyaligi,,,,,,,,,,
"nishablik 0 dan 7,5% gacha",,1,,4.6,,1.7,,1.9,,1.4
"nishablik 7,5%  dan 10% gacha",,2,,4.5,,2.1,,1.9,,1.4
nishablik 10 %dan  yuqori,,3,,4.4,,3,,1.9,,1.4
Qatnov qism turi ,,,,,,,,,,
Shimol/ sharq  bo`lingan,,1,,4.6,,1.7,,1.9,,1.4
Janub /g`arb  bo`lingan ,,2,,4.6,,1.7,,1.9,,1.4
bo`linmagan,,3,,4.6,,1.7,,1.9,,1.4
yo`l o`rtasi ajratgichi ,,,,,,,,,,
o`q chiziq,,1,,4.2,,2.1,,3.9,,1.4
keng chiziq<1 m,,2,,4.2,,2.1,,3.9,,1.4
shtrixli orolcha>1m,,3,,4.2,,2.1,,3.9,,1.4
burilish qatori,,4,,4.2,,2.1,,3.9,,1.4
moslashuvchan ustunchalar ,,5,,4.2,,,,,,
ajratilgan 0-1 m,,6,,4.3,,1.7,,3.9,,1.4
ajratilgan 1-5 m,,7,,4.3,,1.7,,3.9,,1.4
ajratilgan 5-10,,8,,4.3,,1.7,,3.9,,1.4
ajratilgan 10-20 m,,9,,4.3,,1.7,,3.9,,1.4
ajratilgan 20m +,,10,,4.3,,1.7,,3.9,,1.4
metal to`siq,,11,,4.3,,1.7,,3.9,,1.4
beton to`siq,,12,,4.3,,1.7,,3.9,,1.4
simli to`siq,,13,,4.3,,1.7,,3.9,,1.4
motosikl xavfsizlik to`sigì,,14,,4.3,,1.7,,3.9,,1.4
bir tomonlama harakat ,,15,,4.6,,1.7,,1.9,,1.4
"keng uzuq chiziqli orolcha(.0,6m) ",,16,,4.2,,2.1,,3.9,,1.4
chiziqlar va belgilar,,,,,,,,,,
yetarli va aniq ,,1,,4.6,,1.7,,1.9,,1.4
yetarli emas/o`chgan,,2,,4.5,,2.1,,1.9,,1.4
ko`chalarni yoritish ,,,,,,,,,,
mavjud va yorug`,,1,,4.6,,1.7,,1.9,,1.4
mavjud emas /qorong`u,,2,,4.4,,2.2,,2.4,,1.7
maktab haqida ogohlantirish ,,,,,,,,,,
miltillovchi chiziq,,1,,4.6,,1.6,,1.8,,1.3
belgilar va chiziqlar ,,2,,4.6,,1.7,,1.9,,1.4
maktab zonasi belgisi yoq,,3,,4.5,,1.8,,2,,1.4
yaqin atrofda maktab yoq,,4,,4.5,,1.8,,2,,1.4
o`tish nazoratchisi,,,,,,,,,,
nazoratchi/patrol bor,,1,,4.7,,1.7,,1.1,,1.2
nazoratchi yoq,,2,,4.6,,1.7,,1.9,,1.4
yaqin atrofda maktab yoq,,3,,4.6,,1.7,,1.9,,1.4
trotuar chap tomonda ,,,,,,,,,,
trotuar yo`q,,1,,3.5,,11.9,,1.9,,1.4
0 dan 1 m gacha ,,2,,4.6,,1.7,,1.9,,1.4
1 dan 3 m gacha ,,3,,4.6,,1.4,,1.9,,1.4
3 m dan uzoqroq ,,4,,4.7,,1.1,,1.9,,1.4
to`siq orqasida ,,5,,4.7,,0.9,,1.9,,1.4
yomon/tuproq yo`l,,6,,4.3,,3.5,,1.9,,1.4
o`rtacha yo`lak ,,7,,4.4,,2.7,,1.9,,1.4
umumiy velopiyoda yo`lak ,,8,,4.4,,2.7,,1.9,,1.4
trotuar o`ng  tomonda ,,,,,,,,,,
trotuar yo`q,,1,,3.5,,11.9,,1.9,,1.4
0 dan 1 m gacha ,,2,,4.6,,1.7,,1.9,,1.4
1 dan 3 m gacha ,,3,,4.6,,1.4,,1.9,,1.4
3 m dan uzoqroq ,,4,,4.7,,1.1,,1.9,,1.4
to`siq orqasida ,,5,,4.7,,0.9,,1.9,,1.4
yomon/tuproq yo`l,,6,,4.3,,3.5,,1.9,,1.4
o`rtacha yo`lak ,,7,,4.4,,2.7,,1.9,,1.4
umumiy velopiyoda yo`lak ,,8,,4.4,,2.7,,1.9,,1.4
yo`l chekkasi chapda,,,,,,,,,,
yelka yoq ,,1,,4.6,,1.7,,1.9,,1.4
0 dan 1 m gacha ,,2,,4.6,,1.7,,1.9,,1.4
"1 dan 2,4 m gacha ",,3,,4.6,,1.7,,2,,1.4
"2,4 m dan ortiq ",,4,,4.6,,1.6,,2.1,,1.4
yo`l chekkasi o`ngda,,,,,,,,,,
yelka yoq ,,1,,4.6,,1.7,,1.9,,1.4
0 dan 1 m gacha ,,2,,4.6,,1.7,,1.9,,1.4
"1 dan 2,4 m gacha ",,3,,4.6,,1.7,,2,,1.4
"2,4 m dan ortiq ",,4,,4.6,,1.6,,2.1,,1.4
piyodalarni yo`naltiruvchi panjara ,,,,,,,,,,
mavjud ,,1,,4.6,,1.7,,1.9,,1.4
mavjud emas,,2,,4.6,,1.7,,1.7,,1.2
asosiy yol piyodalar o`tish joyi ,,,,,,,,,,
o`tish joyi yoq ,,1,,4.4,,1.7,,2.9,,1.4
svetaforli ,,2,,4.9,,1.7,,0.3,,1.4
ko`tarilgan ,,3,,4.6,,1.7,,1.7,,1.4
ko`prik/tunnel ,,4,,4.9,,1.7,,0,,1.4
chizilgan (zebra ),,5,,4.6,,1.7,,1.9,,1.4
belgilanmagan ,,6,,4.4,,1.7,,2.9,,1.4
xavfsizlik orolchali ,,7,,4.7,,1.7,,1.4,,1.4
svetafor orolcha,,8,,4.9,,1.7,,0.1,,1.4
zebra orolcha ,,9,,4.8,,1.7,,0.9,,1.4
ko`tarilgan +zebra,,10,,4.7,,1.7,,1.1,,1.4
ko`tarilgan+orolcha ,,11,,4.8,,1.7,,0.8,,1.4
"ko`tarilga,zebra va orolcha ",,12,,4.8,,1.7,,0.5,,1.4
Yon piyodalar o`tish joyi ,,,,,,,,,,
o`tish joyi yoq ,,1,,3.2,,1.7,,1.9,,15.7
svetaforli ,,2,,4.6,,1.7,,1.9,,1.4
ko`tarilgan ,,3,,3.7,,1.7,,1.9,,9.4
ko`prik/tunnel ,,4,,4.8,,1.7,,1.9,,0
chizilgan (zebra ),,5,,3.6,,1.7,,1.9,,10.5
belgilanmagan ,,6,,3.2,,1.7,,1.9,,15.7
xavfsizlik orolchali ,,7,,3.8,,1.7,,1.9,,7.8
svetafor orolcha,,8,,4.7,,1.7,,1.9,,0.7
zebra orolcha ,,9,,3.9,,1.7,,1.9,,5.2
ko`tarilgan +zebra,,10,,3.9,,1.7,,1.9,,6.3
ko`tarilgan+orolcha ,,11,,4,,1.7,,1.9,,4.7
"ko`tarilga,zebra va orolcha ",,12,,4.3,,1.7,,1.9,,3.1
o`tish joyini sifati,,,,,,,,,,
talabga toliq javob beradi,,1,,4.6,,1.7,,1.9,,1.4
yomon/yetarli emas ,,2,,4.3,,1.7,,2.9,,2.1
qo`llanilmaydi,,3,,4.6,,1.7,,1.9,,1.4
kunlik transport oqimi ,,,,,,,,,,
1dan 100 ,,1,,4.6,,1.7,,1.9,,1.4
100 dan 1999,,2,,4.6,,1.7,,1.9,,1.4
2000 dan 3999,,3,,4.3,,2.7,,3,,1.4
4000 dan 5999,,4,,4,,3.5,,3.9,,1.4
6000 dan 7999,,5,,3.8,,4.3,,4.8,,1.4
8000 dan 9999,,6,,3.8,,4.9,,5.5,,1.4
10000 dan 11999,,7,,3.7,,5.5,,6.1,,1.4
12000 dan 13999,,8,,3.6,,6.1,,6.8,,1.4
14000 dan 15999,,9,,3.4,,6.7,,7.4,,1.4
16000 dan 17999,,10,,3.4,,7.3,,8.1,,1.4
18000 dan 19999,,11,,3.3,,7.8,,8.6,,1.4
20000 dan 21999,,12,,3.2,,8.2,,9.2,,1.4
22000 dan 23999,,13,,3.2,,8.7,,9.7,,1.4
24000 dan 25999 ,,14,,3.1,,9.2,,10.2,,1.4
26000 dan 27999,,15,,3,,9.7,,10.7,,1.4
28000 dan 29999,,16,,3,,10.1,,11.3,,1.4
30000 dan 31999,,17,,2.9,,10.6,,11.8,,1.4
32000 dan 33999,,18,,2.9,,11,,12.2,,1.4
34000 dan 35999,,19,,2.9,,11.3,,12.6,,1.4
36000 dan 37999,,20,,2.9,,11.6,,13,,1.4
38000 dan  39999,,21,,2.9,,11.8,,13.1,,1.4
>=40000,,22,,2.9,,11.8,,13.1,,1.4
o`tish joyi piyodalar oqimi ,,,,,,,,,,
mavjud emas ,,1,,4.9,,1.7,,1.9,,1.4
mavjud ,,2,,4.6,,1.7,,0,,1.4
o`ng tomon  piyodalar oqimi ,,,,,,,,,,
mavjud emas ,,1,,4.6,,1.7,,1.9,,1.4
mavjud ,,2,,4.6,,1.7,,1.9,,1.4
chap  tomon  piyodalar oqimi ,,,,,,,,,,
mavjud emas ,,1,,4.6,,1.7,,1.9,,1.4
mavjud ,,2,,4.6,,1.7,,1.9,,1.4
chorraha/kesishish turi ,,,,,,,,,,
qoshilish qator ,,1,,4.4,,1.7,,2.4,,1.7
3 tomonli (T simon),,2,,4.6,,1.7,,1.8,,1.3
3 tomonli +svetafor ,,3,,4.6,,1.7,,1.8,,1.3
3 tomonli+ burilish qatori,,4,,4.6,,1.7,,1.9,,1.4
"3 tomonli,burilish+svetafor",,5,,4.6,,1.7,,1.9,,1.4
4 yoki undan ortiq tomonli ,,6,,4.6,,1.7,,1.9,,1.4
4 tomonli+burilish qatorli ,,7,,4.5,,1.7,,2.1,,1.5
4 tomonli+svetaforli ,,8,,4.6,,1.7,,1.9,,1.4
"4 tomonli,burilish+svetafor",,9,,4.5,,1.7,,2.1,,1.5
aylanma harakat,,10,,4.4,,1.7,,2.4,,1.7
kichik aylanma harakat,,11,,4.5,,1.7,,2.1,,1.5
rasmiy qayrilib olish ,,12,,4.6,,1.7,,1.8,,1.3
norasmiy qayrilib olish ,,13,,4.6,,1.7,,1.8,,1.3
poyezd o`tish joyi(faol),,14,,4.7,,1.7,,1.6,,1.1
poyezd otish joyi( passiv),,15,,4.7,,1.7,,1.6,,1.1
chorraha yoq,,16,,4.7,,1.7,,1.6,,1.1
qisqa qoshilish yolagi,,17,,4.4,,1.7,,2.4,,1.7
ajratish qatori ,,18,,4.5,,1.7,,2.3,,1.6
Hovli tijorat kirish yollari,,,,,,,,,,
1 yoki 2 ta turar-joy kirish yoli,,1,,4.6,,1.7,,1.9,,1.4
>2 ta turar-joy kirish yoli,,2,,4.6,,1.7,,1.9,,1.4
tijorat kirish yoli,,3,,4.6,,1.8,,1.9,,1.4
qollanilmaydi,,4,,4.6,,1.6,,1.9,,1.4
chorraha yon yol transport oqimi ,,,,,,,,,,
< 5000,,1,,4.6,,1.7,,1.9,,1.4
5000 dan  9999,,2,,4.5,,1.7,,1.9,,2.2
10000 dan 14999,,3,,4.2,,1.7,,1.9,,3.1
15000 dan 19999,,5,,3.9,,1.7,,1.9,,3.9
20000dan 29999 ,,6,,3.9,,1.7,,1.9,,"(5,2;5,9)"
30000 dan 39999,,7,,3.8,,1.7,,1.9,,"(6,8;7,7)"
40000 dan 49999,,8,,3.7,,1.7,,1.9,,"(8,3;9,3)"
50000dan 59999,,9,,3.6,,1.7,,1.9,,"(9,9;11)"
60000 dan 69999,,10,,3.5,,1.7,,1.9,,"(11,7;12,3)"
70000 ddan 79999,,11,,3.4,,1.7,,1.9,,"13,1;13,8"
,80000 dan 89999,12,,3.4,,1.9,,1.9,,13.8
,>=90000,13,,3.4,,1.7,,1.7,,13.8
chorraha xavfsizlik sifati,,,,,,,,,,
yetarli/xavfsiz,,1,,4.6,,1.7,,1.9,,1.4
xavfli/korinish yomon,,2,,4.5,,1.7,,2.3,,1.7
chorraha yoq,,3,,4.6,,1.7,,1.9,,1.4
yol burilishi turi,,,,,,,,,,
togri yol ,,1,,4.6,,1.7,,1.9,,1.4
ortacha burilish ,,2,,4.4,,3.1,,1.9,,1.4
otkir burilish ,,3,,3.9,,6.2,,1.9,,1.4
ota keskin burilish ,,4,,3.6,,10.6,,1.9,,1.4
burilish sifati va korinishi ,,,,,,,,,,
yetarli korinish ,,1,,4.6,,1.7,,1.9,,1.4
korinish xavfli ,,2,,4.5,,2.2,,1.9,,1.4
burilish mavjud emas,,3,,4.6,,1.7,,1.9,,1.4
tezlik cheklov belgisi ,,,,,,,,,,
<=30,,1,,4.6,,1.7,,1.9,,1.4
35,,2,,4.6,,1.7,,1.9,,1.4
40,,3,,4.6,,1.7,,1.9,,1.4
45,,4,,4.6,,1.7,,1.9,,1.4
50,,5,,4.2,,2.5,,2.8,,2.2
55,,6,,3.9,,3.6,,4,,2.8
60,,7,,3.6,,4.6,,5.2,,3.7
65,,8,,3.4,,5.7,,6.3,,4.5
70,,9,,3.3,,6.6,,7.3,,5.3
75,,10,,3.1,,7.3,,8.1,,5.8
80,,11,,3,,7.7,,8.6,,6.2
85,,12,,3,,8.1,,9,,6.4
90,,13,,2.9,,8.3,,9.2,,6.6
95,,14,,2.9,,8.4,,9.3,,6.7
100,,15,,2.9,,8.5,,9.4,,6.8
105,,16,,2.9,,8.5,,9.5,,6.8
110,,17,,2.9,,8.6,,9.5,,6.8
115,,18,,2.9,,8.6,,9.5,,6.9
120,,19,,2.9,,8.6,,9.6,,6.9
>=120,,20,,2.9,,8.6,,9.6,,6.9
,,,,,,,,,,
haqiqiy harakat tezligi ,,,,,,,,,,
>=30,,1,,4.9,,0.4,,0.5,,0.3
35,,2,,4.9,,0.7,,0.8,,0.5
40,,3,,4.9,,1.1,,1.2,,0.9
45,,4,,4.6,,1.7,,1.9,,1.4
50,,5,,4.2,,2.5,,2.8,,2
55,,6,,3.6,,3.6,,8,,2.8
60,,7,,3.3,,4.6,,10.4,,3.7
65,,8,,3,,5.7,,12.7,,4.5
70,,9,,2.9,,6.6,,14.7,,5.3
75,,10,,2.8,,7.3,,16.2,,5.8
80,,11,,2.7,,7.7,,17.3,,6.2
85,,12,,1.9,,8.1,,27,,19.4
90,,13,,1.9,,8.3,,27.7,,19.9
95,,14,,1.9,,8.4,,28.1,,20.2
100,,15,,1.9,,8.5,,28.4,,20.4
105,,16,,1.9,,8.5,,28.6,,20.5
110,,17,,1.9,,8.6,,28.7,,20.6
115,,18,,1.9,,8.6,,28.7,,20.7
120,,19,,1.9,,8.6,,28.8,,20.7
>=120,,20,,1.9,,8.6,,28.8,,20.7
tezlikni majburiy pasaytirgich ,,,,,,,,,,
mavjud ,,1,,4.8,,1.4,,1.5,,1.1
mavjud emas,,2,,4.4,,1.7,,1.9,,1.4
motosikl va mopedllar ulushi ,,,,,,,,,,
NA yozib olinmagan ,,1,,4.6,,1.7,,1.9,,1.4
0,,2,,4.6,,1.7,,1.9,,1.4
1-5%,,3,,4.6,,1.7,,1.9,,1.4
6-10%,,4,,4.6,,1.7,,2,,1.4
11-20%,,5,,4.6,,1.7,,2.1,,1.4
21-40%,,6,,4.5,,1.7,,2.2,,1.4
41-60%,,7,,4.5,,1.7,,2.3,,1.4
61-80%,,8,,4.5,,1.7,,2.3,,1.4
81-99%,,9,,4.5,,1.7,,2.3,,1.4
1,,10,,4.5,,1.7,,2.3,,1.4
ogir yuk mashinalari ulushi ,,,,,,,,,,
yozib olinmagan ,,1,,4.6,,1.7,,1.9,,1.4
0dan <5% gacha,,2,,4.6,,1.7,,1.9,,1.4
5% dan <10 % gacha ,,3,,4.5,,1.7,,2.1,,1.4
10% dan <15 % gacha ,,4,,4.5,,1.7,,2.3,,1.4
15% dan <20% gacha ,,5,,4.5,,1.7,,2.5,,1.4
20% dan< 30% gacha ,,6,,4.5,,1.7,,2.7,,1.4
30% dan< 40% gacha ,,7,,4.4,,1.7,,2.9,,1.4
 >=40%,,8,,4.4,,1.7,,3.1,,1.4
